region_id,region_name,city_code
110000,北京,
110100,北京市,010
110101,东城区,010
110102,西城区,010
110105,朝阳区,010
110106,丰台区,010
110107,石景山区,010
110108,海淀区,010
110109,门头沟区,010
110111,房山区,010
110112,通州区,010
110113,顺义区,010
110114,昌平区,010
110115,大兴区,010
110116,怀柔区,010
110117,平谷区,010
110228,密云县,010
110229,延庆县,010
120000,天津,
120100,天津市,022
120101,和平区,022
120102,河东区,022
120103,河西区,022
120104,南开区,022
120105,河北区,022
120106,红桥区,022
120110,东丽区,022
120111,西青区,022
120112,津南区,022
120113,北辰区,022
120114,武清区,022
120115,宝坻区,022
120116,滨海新区,022
120221,宁河县,022
120223,静海县,022
120225,蓟县,022
130000,河北省,
130100,石家庄市,0311
130102,长安区,0311
130104,桥西区,0311
130105,新华区,0311
130107,井陉矿区,0311
130108,裕华区,0311
130109,藁城区,0311
130110,鹿泉区,0311
130111,栾城区,0311
130121,井陉县,0311
130123,正定县,0311
130125,行唐县,0311
130126,灵寿县,0311
130127,高邑县,0311
130128,深泽县,0311
130129,赞皇县,0311
130130,无极县,0311
130131,平山县,0311
130132,元氏县,0311
130133,赵县,0311
130181,辛集市,0311
130183,晋州市,0311
130184,新乐市,0311
130200,唐山市,0315
130202,路南区,0315
130203,路北区,0315
130204,古冶区,0315
130205,开平区,0315
130207,丰南区,0315
130208,丰润区,0315
130209,曹妃甸区,0315
130223,滦县,0315
130224,滦南县,0315
130225,乐亭县,0315
130227,迁西县,0315
130229,玉田县,0315
130281,遵化市,0315
130283,迁安市,0315
130300,秦皇岛市,0335
130302,海港区,0335
130303,山海关区,0335
130304,北戴河区,0335
130321,青龙满族自治县,0335
130322,昌黎县,0335
130323,抚宁县,0335
130324,卢龙县,0335
130400,邯郸市,0310
130402,邯山区,0310
130403,丛台区,0310
130404,复兴区,0310
130406,峰峰矿区,0310
130421,邯郸县,0310
130423,临漳县,0310
130424,成安县,0310
130425,大名县,0310
130426,涉县,0310
130427,磁县,0310
130428,肥乡县,0310
130429,永年县,0310
130430,邱县,0310
130431,鸡泽县,0310
130432,广平县,0310
130433,馆陶县,0310
130434,魏县,0310
130435,曲周县,0310
130481,武安市,0310
130500,邢台市,0319
130502,桥东区,0319
130503,桥西区,0319
130521,邢台县,0319
130522,临城县,0319
130523,内丘县,0319
130524,柏乡县,0319
130525,隆尧县,0319
130526,任县,0319
130527,南和县,0319
130528,宁晋县,0319
130529,巨鹿县,0319
130530,新河县,0319
130531,广宗县,0319
130532,平乡县,0319
130533,威县,0319
130534,清河县,0319
130535,临西县,0319
130581,南宫市,0319
130582,沙河市,0319
130600,保定市,0312
130602,新市区,0312
130603,北市区,0312
130604,南市区,0312
130621,满城县,0312
130622,清苑县,0312
130623,涞水县,0312
130624,阜平县,0312
130625,徐水县,0312
130626,定兴县,0312
130627,唐县,0312
130628,高阳县,0312
130629,容城县,0312
130630,涞源县,0312
130631,望都县,0312
130632,安新县,0312
130633,易县,0312
130634,曲阳县,0312
130635,蠡县,0312
130636,顺平县,0312
130637,博野县,0312
130638,雄县,0312
130681,涿州市,0312
130682,定州市,0312
130683,安国市,0312
130684,高碑店市,0312
130700,张家口市,0313
130702,桥东区,0313
130703,桥西区,0313
130705,宣化区,0313
130706,下花园区,0313
130721,宣化县,0313
130722,张北县,0313
130723,康保县,0313
130724,沽源县,0313
130725,尚义县,0313
130726,蔚县,0313
130727,阳原县,0313
130728,怀安县,0313
130729,万全县,0313
130730,怀来县,0313
130731,涿鹿县,0313
130732,赤城县,0313
130733,崇礼县,0313
130800,承德市,0314
130802,双桥区,0314
130803,双滦区,0314
130804,鹰手营子矿区,0314
130821,承德县,0314
130822,兴隆县,0314
130823,平泉县,0314
130824,滦平县,0314
130825,隆化县,0314
130826,丰宁满族自治县,0314
130827,宽城满族自治县,0314
130828,围场满族蒙古族自治县,0314
130900,沧州市,0317
130902,新华区,0317
130903,运河区,0317
130921,沧县,0317
130922,青县,0317
130923,东光县,0317
130924,海兴县,0317
130925,盐山县,0317
130926,肃宁县,0317
130927,南皮县,0317
130928,吴桥县,0317
130929,献县,0317
130930,孟村回族自治县,0317
130981,泊头市,0317
130982,任丘市,0317
130983,黄骅市,0317
130984,河间市,0317
131000,廊坊市,0316
131002,安次区,0316
131003,广阳区,0316
131022,固安县,0316
131023,永清县,0316
131024,香河县,0316
131025,大城县,0316
131026,文安县,0316
131028,大厂回族自治县,0316
131081,霸州市,0316
131082,三河市,0316
131100,衡水市,0318
131102,桃城区,0318
131121,枣强县,0318
131122,武邑县,0318
131123,武强县,0318
131124,饶阳县,0318
131125,安平县,0318
131126,故城县,0318
131127,景县,0318
131128,阜城县,0318
131181,冀州市,0318
131182,深州市,0318
140000,山西省,
140100,太原市,0351
140105,小店区,0351
140106,迎泽区,0351
140107,杏花岭区,0351
140108,尖草坪区,0351
140109,万柏林区,0351
140110,晋源区,0351
140121,清徐县,0351
140122,阳曲县,0351
140123,娄烦县,0351
140181,古交市,0351
140200,大同市,0352
140202,城区,0352
140203,矿区,0352
140211,南郊区,0352
140212,新荣区,0352
140221,阳高县,0352
140222,天镇县,0352
140223,广灵县,0352
140224,灵丘县,0352
140225,浑源县,0352
140226,左云县,0352
140227,大同县,0352
140300,阳泉市,0353
140302,城区,0353
140303,矿区,0353
140311,郊区,0353
140321,平定县,0353
140322,盂县,0353
140400,长治市,0355
140402,城区,0355
140411,郊区,0355
140421,长治县,0355
140423,襄垣县,0355
140424,屯留县,0355
140425,平顺县,0355
140426,黎城县,0355
140427,壶关县,0355
140428,长子县,0355
140429,武乡县,0355
140430,沁县,0355
140431,沁源县,0355
140481,潞城市,0355
140500,晋城市,0356
140502,城区,0356
140521,沁水县,0356
140522,阳城县,0356
140524,陵川县,0356
140525,泽州县,0356
140581,高平市,0356
140600,朔州市,0349
140602,朔城区,0349
140603,平鲁区,0349
140621,山阴县,0349
140622,应县,0349
140623,右玉县,0349
140624,怀仁县,0349
140700,晋中市,0354
140702,榆次区,0354
140721,榆社县,0354
140722,左权县,0354
140723,和顺县,0354
140724,昔阳县,0354
140725,寿阳县,0354
140726,太谷县,0354
140727,祁县,0354
140728,平遥县,0354
140729,灵石县,0354
140781,介休市,0354
140800,运城市,0359
140802,盐湖区,0359
140821,临猗县,0359
140822,万荣县,0359
140823,闻喜县,0359
140824,稷山县,0359
140825,新绛县,0359
140826,绛县,0359
140827,垣曲县,0359
140828,夏县,0359
140829,平陆县,0359
140830,芮城县,0359
140881,永济市,0359
140882,河津市,0359
140900,忻州市,0350
140902,忻府区,0350
140921,定襄县,0350
140922,五台县,0350
140923,代县,0350
140924,繁峙县,0350
140925,宁武县,0350
140926,静乐县,0350
140927,神池县,0350
140928,五寨县,0350
140929,岢岚县,0350
140930,河曲县,0350
140931,保德县,0350
140932,偏关县,0350
140981,原平市,0350
141000,临汾市,0357
141002,尧都区,0357
141021,曲沃县,0357
141022,翼城县,0357
141023,襄汾县,0357
141024,洪洞县,0357
141025,古县,0357
141026,安泽县,0357
141027,浮山县,0357
141028,吉县,0357
141029,乡宁县,0357
141030,大宁县,0357
141031,隰县,0357
141032,永和县,0357
141033,蒲县,0357
141034,汾西县,0357
141081,侯马市,0357
141082,霍州市,0357
141100,吕梁市,0358
141102,离石区,0358
141121,文水县,0358
141122,交城县,0358
141123,兴县,0358
141124,临县,0358
141125,柳林县,0358
141126,石楼县,0358
141127,岚县,0358
141128,方山县,0358
141129,中阳县,0358
141130,交口县,0358
141181,孝义市,0358
141182,汾阳市,0358
150000,内蒙古自治区,
150100,呼和浩特市,0471
150102,新城区,0471
150103,回民区,0471
150104,玉泉区,0471
150105,赛罕区,0471
150121,土默特左旗,0471
150122,托克托县,0471
150123,和林格尔县,0471
150124,清水河县,0471
150125,武川县,0471
150200,包头市,0472
150202,东河区,0472
150203,昆都仑区,0472
150204,青山区,0472
150205,石拐区,0472
150206,白云鄂博矿区,0472
150207,九原区,0472
150221,土默特右旗,0472
150222,固阳县,0472
150223,达尔罕茂明安联合旗,0472
150300,乌海市,0473
150302,海勃湾区,0473
150303,海南区,0473
150304,乌达区,0473
150400,赤峰市,0476
150402,红山区,0476
150403,元宝山区,0476
150404,松山区,0476
150421,阿鲁科尔沁旗,0476
150422,巴林左旗,0476
150423,巴林右旗,0476
150424,林西县,0476
150425,克什克腾旗,0476
150426,翁牛特旗,0476
150428,喀喇沁旗,0476
150429,宁城县,0476
150430,敖汉旗,0476
150500,通辽市,0475
150502,科尔沁区,0475
150521,科尔沁左翼中旗,0475
150522,科尔沁左翼后旗,0475
150523,开鲁县,0475
150524,库伦旗,0475
150525,奈曼旗,0475
150526,扎鲁特旗,0475
150581,霍林郭勒市,0475
150600,鄂尔多斯市,0477
150602,东胜区,0477
150621,达拉特旗,0477
150622,准格尔旗,0477
150623,鄂托克前旗,0477
150624,鄂托克旗,0477
150625,杭锦旗,0477
150626,乌审旗,0477
150627,伊金霍洛旗,0477
150700,呼伦贝尔市,0470
150702,海拉尔区,0470
150703,扎赉诺尔区,0470
150721,阿荣旗,0470
150722,莫力达瓦达斡尔族自治旗,0470
150723,鄂伦春自治旗,0470
150724,鄂温克族自治旗,0470
150725,陈巴尔虎旗,0470
150726,新巴尔虎左旗,0470
150727,新巴尔虎右旗,0470
150781,满洲里市,0470
150782,牙克石市,0470
150783,扎兰屯市,0470
150784,额尔古纳市,0470
150785,根河市,0470
150800,巴彦淖尔市,0478
150802,临河区,0478
150821,五原县,0478
150822,磴口县,0478
150823,乌拉特前旗,0478
150824,乌拉特中旗,0478
150825,乌拉特后旗,0478
150826,杭锦后旗,0478
150900,乌兰察布市,0474
150902,集宁区,0474
150921,卓资县,0474
150922,化德县,0474
150923,商都县,0474
150924,兴和县,0474
150925,凉城县,0474
150926,察哈尔右翼前旗,0474
150927,察哈尔右翼中旗,0474
150928,察哈尔右翼后旗,0474
150929,四子王旗,0474
150981,丰镇市,0474
152200,兴安盟,0482
152201,乌兰浩特市,0482
152202,阿尔山市,0482
152221,科尔沁右翼前旗,0482
152222,科尔沁右翼中旗,0482
152223,扎赉特旗,0482
152224,突泉县,0482
152500,锡林郭勒盟,0479
152501,二连浩特市,0479
152502,锡林浩特市,0479
152522,阿巴嘎旗,0479
152523,苏尼特左旗,0479
152524,苏尼特右旗,0479
152525,东乌珠穆沁旗,0479
152526,西乌珠穆沁旗,0479
152527,太仆寺旗,0479
152528,镶黄旗,0479
152529,正镶白旗,0479
152530,正蓝旗,0479
152531,多伦县,0479
152900,阿拉善盟,0483
152921,阿拉善左旗,0483
152922,阿拉善右旗,0483
152923,额济纳旗,0483
210000,辽宁省,
210100,沈阳市,024
210102,和平区,024
210103,沈河区,024
210104,大东区,024
210105,皇姑区,024
210106,铁西区,024
210111,苏家屯区,024
210112,浑南区,024
210113,沈北新区,024
210114,于洪区,024
210122,辽中县,024
210123,康平县,024
210124,法库县,024
210181,新民市,024
210200,大连市,0411
210202,中山区,0411
210203,西岗区,0411
210204,沙河口区,0411
210211,甘井子区,0411
210212,旅顺口区,0411
210213,金州区,0411
210224,长海县,0411
210281,瓦房店市,0411
210282,普兰店市,0411
210283,庄河市,0411
210300,鞍山市,0412
210302,铁东区,0412
210303,铁西区,0413
210304,立山区,0414
210311,千山区,0415
210321,台安县,0417
210323,岫岩满族自治县,0418
210381,海城市,0416
210400,抚顺市,024
210402,新抚区,024
210403,东洲区,024
210404,望花区,024
210411,顺城区,024
210421,抚顺县,024
210422,新宾满族自治县,024
210423,清原满族自治县,024
210500,本溪市,0414
210502,平山区,0414
210503,溪湖区,0414
210504,明山区,0414
210505,南芬区,0414
210521,本溪满族自治县,0414
210522,桓仁满族自治县,0414
210600,丹东市,0415
210602,元宝区,0415
210603,振兴区,0415
210604,振安区,0415
210624,宽甸满族自治县,0415
210681,东港市,0415
210682,凤城市,0415
210700,锦州市,0416
210702,古塔区,0416
210703,凌河区,0416
210711,太和区,0416
210726,黑山县,0416
210727,义县,0416
210781,凌海市,0416
210782,北镇市,0416
210800,营口市,0417
210802,站前区,0417
210803,西市区,0417
210804,鲅鱼圈区,0417
210811,老边区,0417
210881,盖州市,0417
210882,大石桥市,0417
210900,阜新市,0418
210902,海州区,0418
210903,新邱区,0418
210904,太平区,0418
210905,清河门区,0418
210911,细河区,0418
210921,阜新蒙古族自治县,0418
210922,彰武县,0418
211000,辽阳市,0419
211002,白塔区,0419
211003,文圣区,0419
211004,宏伟区,0419
211005,弓长岭区,0419
211011,太子河区,0419
211021,辽阳县,0419
211081,灯塔市,0419
211100,盘锦市,0427
211102,双台子区,0427
211103,兴隆台区,0427
211121,大洼县,0427
211122,盘山县,0427
211200,铁岭市,024
211202,银州区,024
211204,清河区,024
211221,铁岭县,024
211223,西丰县,024
211224,昌图县,024
211281,调兵山市,024
211282,开原市,024
211300,朝阳市,0421
211302,双塔区,0421
211303,龙城区,0421
211321,朝阳县,0421
211322,建平县,0421
211324,喀喇沁左翼蒙古族自治县,0421
211381,北票市,0421
211382,凌源市,0421
211400,葫芦岛市,0429
211402,连山区,0429
211403,龙港区,0429
211404,南票区,0429
211421,绥中县,0429
211422,建昌县,0429
211481,兴城市,0429
211500,金普新区,0411
211501,金州新区,0411
211502,普湾新区,0411
211503,保税区,0411
220000,吉林省,
220100,长春市,0431
220102,南关区,0431
220103,宽城区,0431
220104,朝阳区,0431
220105,二道区,0431
220106,绿园区,0431
220112,双阳区,0431
220113,九台区,0431
220122,农安县,0431
220182,榆树市,0431
220183,德惠市,0431
220200,吉林市,0432
220202,昌邑区,0432
220203,龙潭区,0432
220204,船营区,0432
220211,丰满区,0432
220221,永吉县,0432
220281,蛟河市,0432
220282,桦甸市,0432
220283,舒兰市,0432
220284,磐石市,0432
220300,四平市,0434
220302,铁西区,0434
220303,铁东区,0434
220322,梨树县,0434
220323,伊通满族自治县,0434
220381,公主岭市,0434
220382,双辽市,0434
220400,辽源市,0437
220402,龙山区,0437
220403,西安区,0437
220421,东丰县,0437
220422,东辽县,0437
220500,通化市,0435
220502,东昌区,0435
220503,二道江区,0435
220521,通化县,0435
220523,辉南县,0435
220524,柳河县,0435
220581,梅河口市,0435
220582,集安市,0435
220600,白山市,0439
220602,浑江区,0439
220605,江源区,0439
220621,抚松县,0439
220622,靖宇县,0439
220623,长白朝鲜族自治县,0439
220681,临江市,0439
220700,松原市,0438
220702,宁江区,0438
220721,前郭尔罗斯蒙古族自治县,0438
220722,长岭县,0438
220723,乾安县,0438
220781,扶余市,0438
220800,白城市,0436
220802,洮北区,0436
220821,镇赉县,0436
220822,通榆县,0436
220881,洮南市,0436
220882,大安市,0436
222400,延边朝鲜族自治州,0433
222401,延吉市,0433
222402,图们市,0433
222403,敦化市,0433
222404,珲春市,0433
222405,龙井市,0433
222406,和龙市,0433
222424,汪清县,0433
222426,安图县,0433
230000,黑龙江省,
230100,哈尔滨市,0451
230102,道里区,0451
230103,南岗区,0451
230104,道外区,0451
230108,平房区,0451
230109,松北区,0451
230110,香坊区,0451
230111,呼兰区,0451
230112,阿城区,0451
230113,双城区,0451
230123,依兰县,0451
230124,方正县,0451
230125,宾县,0451
230126,巴彦县,0451
230127,木兰县,0451
230128,通河县,0451
230129,延寿县,0451
230183,尚志市,0451
230184,五常市,0451
230200,齐齐哈尔市,0452
230202,龙沙区,0452
230203,建华区,0452
230204,铁锋区,0452
230205,昂昂溪区,0452
230206,富拉尔基区,0452
230207,碾子山区,0452
230208,梅里斯达斡尔族区,0452
230221,龙江县,0452
230223,依安县,0452
230224,泰来县,0452
230225,甘南县,0452
230227,富裕县,0452
230229,克山县,0452
230230,克东县,0452
230231,拜泉县,0452
230281,讷河市,0452
230300,鸡西市,0467
230302,鸡冠区,0467
230303,恒山区,0467
230304,滴道区,0467
230305,梨树区,0467
230306,城子河区,0467
230307,麻山区,0467
230321,鸡东县,0467
230381,虎林市,0467
230382,密山市,0467
230400,鹤岗市,0468
230402,向阳区,0468
230403,工农区,0468
230404,南山区,0468
230405,兴安区,0468
230406,东山区,0468
230407,兴山区,0468
230421,萝北县,0468
230422,绥滨县,0468
230500,双鸭山市,0469
230502,尖山区,0469
230503,岭东区,0469
230505,四方台区,0469
230506,宝山区,0469
230521,集贤县,0469
230522,友谊县,0469
230523,宝清县,0469
230524,饶河县,0469
230600,大庆市,0459
230602,萨尔图区,0459
230603,龙凤区,0459
230604,让胡路区,0459
230605,红岗区,0459
230606,大同区,0459
230621,肇州县,0459
230622,肇源县,0459
230623,林甸县,0459
230624,杜尔伯特蒙古族自治县,0459
230700,伊春市,0458
230702,伊春区,0458
230703,南岔区,0458
230704,友好区,0458
230705,西林区,0458
230706,翠峦区,0458
230707,新青区,0458
230708,美溪区,0458
230709,金山屯区,0458
230710,五营区,0458
230711,乌马河区,0458
230712,汤旺河区,0458
230713,带岭区,0458
230714,乌伊岭区,0458
230715,红星区,0458
230716,上甘岭区,0458
230722,嘉荫县,0458
230781,铁力市,0458
230800,佳木斯市,0454
230803,向阳区,0454
230804,前进区,0454
230805,东风区,0454
230811,郊区,0454
230822,桦南县,0454
230826,桦川县,0454
230828,汤原县,0454
230833,抚远县,0454
230881,同江市,0454
230882,富锦市,0454
230900,七台河市,0464
230902,新兴区,0464
230903,桃山区,0464
230904,茄子河区,0464
230921,勃利县,0464
231000,牡丹江市,0453
231002,东安区,0453
231003,阳明区,0453
231004,爱民区,0453
231005,西安区,0453
231024,东宁县,0453
231025,林口县,0453
231081,绥芬河市,0453
231083,海林市,0453
231084,宁安市,0453
231085,穆棱市,0453
231100,黑河市,0456
231102,爱辉区,0456
231121,嫩江县,0456
231123,逊克县,0456
231124,孙吴县,0456
231181,北安市,0456
231182,五大连池市,0456
231200,绥化市,0455
231202,北林区,0455
231221,望奎县,0455
231222,兰西县,0455
231223,青冈县,0455
231224,庆安县,0455
231225,明水县,0455
231226,绥棱县,0455
231281,安达市,0455
231282,肇东市,0455
231283,海伦市,0455
232700,大兴安岭地区,0457
232701,加格达奇区,0457
232702,新林区,0457
232703,松岭区,0457
232704,呼中区,0457
232721,呼玛县,0457
232722,塔河县,0457
232723,漠河县,0457
310000,上海,
310100,上海市,021
310101,黄浦区,021
310104,徐汇区,021
310105,长宁区,021
310106,静安区,021
310107,普陀区,021
310108,闸北区,021
310109,虹口区,021
310110,杨浦区,021
310112,闵行区,021
310113,宝山区,021
310114,嘉定区,021
310115,浦东新区,021
310116,金山区,021
310117,松江区,021
310118,青浦区,021
310120,奉贤区,021
310230,崇明县,021
320000,江苏省,
320100,南京市,025
320102,玄武区,025
320104,秦淮区,025
320105,建邺区,025
320106,鼓楼区,025
320111,浦口区,025
320113,栖霞区,025
320114,雨花台区,025
320115,江宁区,025
320116,六合区,025
320117,溧水区,025
320118,高淳区,025
320200,无锡市,0510
320202,崇安区,0510
320203,南长区,0510
320204,北塘区,0510
320205,锡山区,0510
320206,惠山区,0510
320211,滨湖区,0510
320281,江阴市,0510
320282,宜兴市,0510
320300,徐州市,0516
320302,鼓楼区,0516
320303,云龙区,0516
320305,贾汪区,0516
320311,泉山区,0516
320312,铜山区,0516
320321,丰县,0516
320322,沛县,0516
320324,睢宁县,0516
320381,新沂市,0516
320382,邳州市,0516
320400,常州市,0519
320402,天宁区,0519
320404,钟楼区,0519
320405,戚墅堰区,0519
320411,新北区,0519
320412,武进区,0519
320481,溧阳市,0519
320482,金坛市,0519
320500,苏州市,0512
320505,虎丘区,0512
320506,吴中区,0512
320507,相城区,0512
320508,姑苏区,0512
320509,吴江区,0512
320581,常熟市,0512
320582,张家港市,0512
320583,昆山市,0512
320585,太仓市,0512
320600,南通市,0513
320602,崇川区,0513
320611,港闸区,0513
320612,通州区,0513
320621,海安县,0513
320623,如东县,0513
320681,启东市,0513
320682,如皋市,0513
320684,海门市,0513
320700,连云港市,0518
320703,连云区,0518
320706,海州区,0518
320707,赣榆区,0518
320722,东海县,0518
320723,灌云县,0518
320724,灌南县,0518
320800,淮安市,0517
320802,清河区,0517
320803,淮安区,0517
320804,淮阴区,0517
320811,清浦区,0517
320826,涟水县,0517
320829,洪泽县,0517
320830,盱眙县,0517
320831,金湖县,0517
320900,盐城市,0515
320902,亭湖区,0515
320903,盐都区,0515
320921,响水县,0515
320922,滨海县,0515
320923,阜宁县,0515
320924,射阳县,0515
320925,建湖县,0515
320981,东台市,0515
320982,大丰市,0515
321000,扬州市,0514
321002,广陵区,0514
321003,邗江区,0514
321012,江都区,0514
321023,宝应县,0514
321081,仪征市,0514
321084,高邮市,0514
321100,镇江市,0511
321102,京口区,0511
321111,润州区,0511
321112,丹徒区,0511
321181,丹阳市,0511
321182,扬中市,0511
321183,句容市,0511
321200,泰州市,0523
321202,海陵区,0523
321203,高港区,0523
321204,姜堰区,0523
321281,兴化市,0523
321282,靖江市,0523
321283,泰兴市,0523
321300,宿迁市,0527
321302,宿城区,0527
321311,宿豫区,0527
321322,沭阳县,0527
321323,泗阳县,0527
321324,泗洪县,0527
330000,浙江省,
330100,杭州市,0571
330102,上城区,0571
330103,下城区,0571
330104,江干区,0571
330105,拱墅区,0571
330106,西湖区,0571
330108,滨江区,0571
330109,萧山区,0571
330110,余杭区,0571
330122,桐庐县,0571
330127,淳安县,0571
330182,建德市,0571
330183,富阳区,0571
330185,临安市,0571
330200,宁波市,0574
330203,海曙区,0574
330204,江东区,0574
330205,江北区,0574
330206,北仑区,0574
330211,镇海区,0574
330212,鄞州区,0574
330225,象山县,0574
330226,宁海县,0574
330281,余姚市,0574
330282,慈溪市,0574
330283,奉化市,0574
330300,温州市,0577
330302,鹿城区,0577
330303,龙湾区,0577
330304,瓯海区,0577
330322,洞头县,0577
330324,永嘉县,0577
330326,平阳县,0577
330327,苍南县,0577
330328,文成县,0577
330329,泰顺县,0577
330381,瑞安市,0577
330382,乐清市,0577
330400,嘉兴市,0573
330402,南湖区,0573
330411,秀洲区,0573
330421,嘉善县,0573
330424,海盐县,0573
330481,海宁市,0573
330482,平湖市,0573
330483,桐乡市,0573
330500,湖州市,0572
330502,吴兴区,0572
330503,南浔区,0572
330521,德清县,0572
330522,长兴县,0572
330523,安吉县,0572
330600,绍兴市,0575
330602,越城区,0575
330603,柯桥区,0575
330604,上虞区,0575
330624,新昌县,0575
330681,诸暨市,0575
330683,嵊州市,0575
330700,金华市,0579
330702,婺城区,0579
330703,金东区,0579
330723,武义县,0579
330726,浦江县,0579
330727,磐安县,0579
330781,兰溪市,0579
330782,义乌市,0579
330783,东阳市,0579
330784,永康市,0579
330800,衢州市,0570
330802,柯城区,0570
330803,衢江区,0570
330822,常山县,0570
330824,开化县,0570
330825,龙游县,0570
330881,江山市,0570
330900,舟山市,0580
330902,定海区,0580
330903,普陀区,0580
330921,岱山县,0580
330922,嵊泗县,0580
331000,台州市,0576
331002,椒江区,0576
331003,黄岩区,0576
331004,路桥区,0576
331021,玉环县,0576
331022,三门县,0576
331023,天台县,0576
331024,仙居县,0576
331081,温岭市,0576
331082,临海市,0576
331100,丽水市,0578
331102,莲都区,0578
331121,青田县,0578
331122,缙云县,0578
331123,遂昌县,0578
331124,松阳县,0578
331125,云和县,0578
331126,庆元县,0578
331127,景宁畲族自治县,0578
331181,龙泉市,0578
331200,舟山群岛新区,0580
331201,金塘岛,0580
331202,六横岛,0580
331203,衢山岛,0580
331204,舟山本岛西北部,0580
331205,岱山岛西南部,0580
331206,泗礁岛,0580
331207,朱家尖岛,0580
331208,洋山岛,0580
331209,长涂岛,0580
331210,虾峙岛,0580
340000,安徽省,
340100,合肥市,0551
340102,瑶海区,0551
340103,庐阳区,0551
340104,蜀山区,0551
340111,包河区,0551
340121,长丰县,0551
340122,肥东县,0551
340123,肥西县,0551
340124,庐江县,0565
340181,巢湖市,0565
340200,芜湖市,0551
340202,镜湖区,0553
340203,弋江区,0553
340207,鸠江区,0553
340208,三山区,0553
340221,芜湖县,0553
340222,繁昌县,0553
340223,南陵县,0553
340225,无为县,0565
340300,蚌埠市,0552
340302,龙子湖区,0552
340303,蚌山区,0552
340304,禹会区,0552
340311,淮上区,0552
340321,怀远县,0552
340322,五河县,0552
340323,固镇县,0552
340400,淮南市,0554
340402,大通区,0554
340403,田家庵区,0554
340404,谢家集区,0554
340405,八公山区,0554
340406,潘集区,0554
340421,凤台县,0554
340500,马鞍山市,0555
340503,花山区,0555
340504,雨山区,0555
340506,博望区,0555
340521,当涂县,0555
340522,含山县,0555
340523,和县,0555
340600,淮北市,0561
340602,杜集区,0561
340603,相山区,0561
340604,烈山区,0561
340621,濉溪县,0561
340700,铜陵市,0562
340702,铜官山区,0562
340703,狮子山区,0562
340711,郊区,0562
340721,铜陵县,0562
340800,安庆市,0556
340802,迎江区,0556
340803,大观区,0556
340811,宜秀区,0556
340822,怀宁县,0556
340823,枞阳县,0556
340824,潜山县,0556
340825,太湖县,0556
340826,宿松县,0556
340827,望江县,0556
340828,岳西县,0556
340881,桐城市,0556
341000,黄山市,0559
341002,屯溪区,0559
341003,黄山区,0559
341004,徽州区,0559
341021,歙县,0559
341022,休宁县,0559
341023,黟县,0559
341024,祁门县,0559
341100,滁州市,0550
341102,琅琊区,0550
341103,南谯区,0550
341122,来安县,0550
341124,全椒县,0550
341125,定远县,0550
341126,凤阳县,0550
341181,天长市,0550
341182,明光市,0550
341200,阜阳市,0558
341202,颍州区,0558
341203,颍东区,0558
341204,颍泉区,0558
341221,临泉县,0558
341222,太和县,0558
341225,阜南县,0558
341226,颍上县,0558
341282,界首市,0558
341300,宿州市,0557
341302,埇桥区,0557
341321,砀山县,0557
341322,萧县,0557
341323,灵璧县,0557
341324,泗县,0557
341500,六安市,0564
341502,金安区,0564
341503,裕安区,0564
341521,寿县,0564
341522,霍邱县,0564
341523,舒城县,0564
341524,金寨县,0564
341525,霍山县,0564
341600,亳州市,0558
341602,谯城区,0558
341621,涡阳县,0558
341622,蒙城县,0558
341623,利辛县,0558
341700,池州市,0566
341702,贵池区,0566
341721,东至县,0566
341722,石台县,0566
341723,青阳县,0566
341800,宣城市,0563
341802,宣州区,0563
341821,郎溪县,0563
341822,广德县,0563
341823,泾县,0563
341824,绩溪县,0563
341825,旌德县,0563
341881,宁国市,0563
350000,福建省,
350100,福州市,0591
350102,鼓楼区,0591
350103,台江区,0591
350104,仓山区,0591
350105,马尾区,0591
350111,晋安区,0591
350121,闽侯县,0591
350122,连江县,0591
350123,罗源县,0591
350124,闽清县,0591
350125,永泰县,0591
350128,平潭县,0591
350181,福清市,0591
350182,长乐市,0591
350200,厦门市,0592
350203,思明区,0592
350205,海沧区,0592
350206,湖里区,0592
350211,集美区,0592
350212,同安区,0592
350213,翔安区,0592
350300,莆田市,0594
350302,城厢区,0594
350303,涵江区,0594
350304,荔城区,0594
350305,秀屿区,0594
350322,仙游县,0594
350400,三明市,0598
350402,梅列区,0598
350403,三元区,0598
350421,明溪县,0598
350423,清流县,0598
350424,宁化县,0598
350425,大田县,0598
350426,尤溪县,0598
350427,沙县,0598
350428,将乐县,0598
350429,泰宁县,0598
350430,建宁县,0598
350481,永安市,0598
350500,泉州市,0595
350502,鲤城区,0595
350503,丰泽区,0595
350504,洛江区,0595
350505,泉港区,0595
350521,惠安县,0595
350524,安溪县,0595
350525,永春县,0595
350526,德化县,0595
350527,金门县,
350581,石狮市,0595
350582,晋江市,0595
350583,南安市,0595
350600,漳州市,0596
350602,芗城区,0596
350603,龙文区,0596
350622,云霄县,0596
350623,漳浦县,0596
350624,诏安县,0596
350625,长泰县,0596
350626,东山县,0596
350627,南靖县,0596
350628,平和县,0596
350629,华安县,0596
350681,龙海市,0596
350700,南平市,0599
350702,延平区,0600
350703,建阳区,0599
350721,顺昌县,0605
350722,浦城县,0606
350723,光泽县,0607
350724,松溪县,0608
350725,政和县,0609
350781,邵武市,0601
350782,武夷山市,0602
350783,建瓯市,0603
350800,龙岩市,0597
350802,新罗区,0597
350821,长汀县,0597
350822,永定区,0597
350823,上杭县,0597
350824,武平县,0597
350825,连城县,0597
350881,漳平市,0597
350900,宁德市,0593
350902,蕉城区,0593
350921,霞浦县,0593
350922,古田县,0593
350923,屏南县,0593
350924,寿宁县,0593
350925,周宁县,0593
350926,柘荣县,0593
350981,福安市,0593
350982,福鼎市,0593
360000,江西省,
360100,南昌市,0791
360102,东湖区,0791
360103,西湖区,0791
360104,青云谱区,0791
360105,湾里区,0791
360111,青山湖区,0791
360121,南昌县,0791
360122,新建县,0791
360123,安义县,0791
360124,进贤县,0791
360200,景德镇市,0798
360202,昌江区,0799
360203,珠山区,0800
360222,浮梁县,0802
360281,乐平市,0801
360300,萍乡市,0799
360302,安源区,0800
360313,湘东区,0801
360321,莲花县,0802
360322,上栗县,0803
360323,芦溪县,0804
360400,九江市,0792
360402,庐山区,0792
360403,浔阳区,0792
360421,九江县,0792
360423,武宁县,0792
360424,修水县,0792
360425,永修县,0792
360426,德安县,0792
360427,星子县,0792
360428,都昌县,0792
360429,湖口县,0792
360430,彭泽县,0792
360481,瑞昌市,0792
360482,共青城市,0792
360500,新余市,0790
360502,渝水区,0790
360521,分宜县,0790
360600,鹰潭市,0701
360602,月湖区,0701
360622,余江县,0701
360681,贵溪市,0701
360700,赣州市,0797
360702,章贡区,0797
360703,南康区,0797
360721,赣县,0797
360722,信丰县,0797
360723,大余县,0797
360724,上犹县,0797
360725,崇义县,0797
360726,安远县,0797
360727,龙南县,0797
360728,定南县,0797
360729,全南县,0797
360730,宁都县,0797
360731,于都县,0797
360732,兴国县,0797
360733,会昌县,0797
360734,寻乌县,0797
360735,石城县,0797
360781,瑞金市,0797
360800,吉安市,0796
360802,吉州区,0796
360803,青原区,0796
360821,吉安县,0796
360822,吉水县,0796
360823,峡江县,0796
360824,新干县,0796
360825,永丰县,0796
360826,泰和县,0796
360827,遂川县,0796
360828,万安县,0796
360829,安福县,0796
360830,永新县,0796
360881,井冈山市,0796
360900,宜春市,0795
360902,袁州区,0795
360921,奉新县,0795
360922,万载县,0795
360923,上高县,0795
360924,宜丰县,0795
360925,靖安县,0795
360926,铜鼓县,0795
360981,丰城市,0795
360982,樟树市,0795
360983,高安市,0795
361000,抚州市,0794
361002,临川区,0794
361021,南城县,0794
361022,黎川县,0794
361023,南丰县,0794
361024,崇仁县,0794
361025,乐安县,0794
361026,宜黄县,0794
361027,金溪县,0794
361028,资溪县,0794
361029,东乡县,0794
361030,广昌县,0794
361100,上饶市,0793
361102,信州区,0793
361121,上饶县,0793
361122,广丰县,0793
361123,玉山县,0793
361124,铅山县,0793
361125,横峰县,0793
361126,弋阳县,0793
361127,余干县,0793
361128,鄱阳县,0793
361129,万年县,0793
361130,婺源县,0793
361181,德兴市,0793
370000,山东省,
370100,济南市,0531
370102,历下区,0531
370103,市中区,0531
370104,槐荫区,0531
370105,天桥区,0531
370112,历城区,0531
370113,长清区,0531
370124,平阴县,0531
370125,济阳县,0531
370126,商河县,0531
370181,章丘市,0531
370200,青岛市,0532
370202,市南区,0532
370203,市北区,0532
370211,黄岛区,0532
370212,崂山区,0532
370213,李沧区,0532
370214,城阳区,0532
370281,胶州市,0532
370282,即墨市,0532
370283,平度市,0532
370285,莱西市,0532
370286,西海岸新区,0532
370300,淄博市,0533
370302,淄川区,0533
370303,张店区,0533
370304,博山区,0533
370305,临淄区,0533
370306,周村区,0533
370321,桓台县,0533
370322,高青县,0533
370323,沂源县,0533
370400,枣庄市,0632
370402,市中区,0632
370403,薛城区,0632
370404,峄城区,0632
370405,台儿庄区,0632
370406,山亭区,0632
370481,滕州市,0632
370500,东营市,0546
370502,东营区,0546
370503,河口区,0546
370521,垦利县,0546
370522,利津县,0546
370523,广饶县,0546
370600,烟台市,0635
370602,芝罘区,0635
370611,福山区,0635
370612,牟平区,0635
370613,莱山区,0635
370634,长岛县,0635
370681,龙口市,0635
370682,莱阳市,0635
370683,莱州市,0635
370684,蓬莱市,0635
370685,招远市,0635
370686,栖霞市,0635
370687,海阳市,0635
370700,潍坊市,0536
370702,潍城区,0536
370703,寒亭区,0536
370704,坊子区,0536
370705,奎文区,0536
370724,临朐县,0536
370725,昌乐县,0536
370781,青州市,0536
370782,诸城市,0536
370783,寿光市,0536
370784,安丘市,0536
370785,高密市,0536
370786,昌邑市,0536
370800,济宁市,0537
370811,任城区,0537
370812,兖州区,0537
370826,微山县,0537
370827,鱼台县,0537
370828,金乡县,0537
370829,嘉祥县,0537
370830,汶上县,0537
370831,泗水县,0537
370832,梁山县,0537
370881,曲阜市,0537
370883,邹城市,0537
370900,泰安市,0538
370902,泰山区,0538
370911,岱岳区,0538
370921,宁阳县,0538
370923,东平县,0538
370982,新泰市,0538
370983,肥城市,0538
371000,威海市,0631
371002,环翠区,0631
371003,文登区,0631
371082,荣成市,0631
371083,乳山市,0631
371100,日照市,0633
371102,东港区,0633
371103,岚山区,0633
371121,五莲县,0633
371122,莒县,0633
371200,莱芜市,0634
371202,莱城区,0634
371203,钢城区,0634
371300,临沂市,0539
371302,兰山区,0539
371311,罗庄区,0539
371312,河东区,0539
371321,沂南县,0539
371322,郯城县,0539
371323,沂水县,0539
371324,兰陵县,0539
371325,费县,0539
371326,平邑县,0539
371327,莒南县,0539
371328,蒙阴县,0539
371329,临沭县,0539
371400,德州市,0534
371402,德城区,0534
371403,陵城区,0534
371422,宁津县,0534
371423,庆云县,0534
371424,临邑县,0534
371425,齐河县,0534
371426,平原县,0534
371427,夏津县,0534
371428,武城县,0534
371481,乐陵市,0534
371482,禹城市,0534
371500,聊城市,0635
371502,东昌府区,0635
371521,阳谷县,0635
371522,莘县,0635
371523,茌平县,0635
371524,东阿县,0635
371525,冠县,0635
371526,高唐县,0635
371581,临清市,0635
371600,滨州市,0543
371602,滨城区,0543
371603,沾化区,0543
371621,惠民县,0543
371622,阳信县,0543
371623,无棣县,0543
371625,博兴县,0543
371626,邹平县,0543
371627,北海新区,0543
371700,菏泽市,0530
371702,牡丹区,0530
371721,曹县,0530
371722,单县,0530
371723,成武县,0530
371724,巨野县,0530
371725,郓城县,0530
371726,鄄城县,0530
371727,定陶县,0530
371728,东明县,0530
410000,河南省,
410100,郑州市,0371
410102,中原区,0371
410103,二七区,0371
410104,管城回族区,0371
410105,金水区,0371
410106,上街区,0371
410108,惠济区,0371
410122,中牟县,0371
410181,巩义市,0371
410182,荥阳市,0371
410183,新密市,0371
410184,新郑市,0371
410185,登封市,0371
410200,开封市,0378
410202,龙亭区,0378
410203,顺河回族区,0378
410204,鼓楼区,0378
410205,禹王台区,0378
410212,祥符区,0378
410221,杞县,0378
410222,通许县,0378
410223,尉氏县,0378
410225,兰考县,0378
410300,洛阳市,0379
410302,老城区,0379
410303,西工区,0379
410304,瀍河回族区,0379
410305,涧西区,0379
410306,吉利区,0379
410311,洛龙区,0379
410322,孟津县,0379
410323,新安县,0379
410324,栾川县,0379
410325,嵩县,0379
410326,汝阳县,0379
410327,宜阳县,0379
410328,洛宁县,0379
410329,伊川县,0379
410381,偃师市,0379
410400,平顶山市,0375
410402,新华区,0375
410403,卫东区,0375
410404,石龙区,0375
410411,湛河区,0375
410421,宝丰县,0375
410422,叶县,0375
410423,鲁山县,0375
410425,郏县,0375
410481,舞钢市,0375
410482,汝州市,0375
410500,安阳市,0372
410502,文峰区,0372
410503,北关区,0372
410505,殷都区,0372
410506,龙安区,0372
410522,安阳县,0372
410523,汤阴县,0372
410526,滑县,0372
410527,内黄县,0372
410581,林州市,0372
410600,鹤壁市,0392
410602,鹤山区,0392
410603,山城区,0392
410611,淇滨区,0392
410621,浚县,0392
410622,淇县,0392
410700,新乡市,0373
410702,红旗区,0373
410703,卫滨区,0373
410704,凤泉区,0373
410711,牧野区,0373
410721,新乡县,0373
410724,获嘉县,0373
410725,原阳县,0373
410726,延津县,0373
410727,封丘县,0373
410728,长垣县,0373
410781,卫辉市,0373
410782,辉县市,0373
410800,焦作市,0391
410802,解放区,0391
410803,中站区,0391
410804,马村区,0391
410811,山阳区,0391
410821,修武县,0391
410822,博爱县,0391
410823,武陟县,0391
410825,温县,0391
410882,沁阳市,0391
410883,孟州市,0391
410900,濮阳市,0393
410902,华龙区,0393
410922,清丰县,0393
410923,南乐县,0393
410926,范县,0393
410927,台前县,0393
410928,濮阳县,0393
411000,许昌市,0374
411002,魏都区,0374
411023,许昌县,0374
411024,鄢陵县,0374
411025,襄城县,0374
411081,禹州市,0374
411082,长葛市,0374
411100,漯河市,0395
411102,源汇区,0395
411103,郾城区,0395
411104,召陵区,0395
411121,舞阳县,0395
411122,临颍县,0395
411200,三门峡市,0398
411202,湖滨区,0398
411221,渑池县,0398
411222,陕县,0398
411224,卢氏县,0398
411281,义马市,0398
411282,灵宝市,0398
411300,南阳市,0377
411302,宛城区,0377
411303,卧龙区,0377
411321,南召县,0377
411322,方城县,0377
411323,西峡县,0377
411324,镇平县,0377
411325,内乡县,0377
411326,淅川县,0377
411327,社旗县,0377
411328,唐河县,0377
411329,新野县,0377
411330,桐柏县,0377
411381,邓州市,0377
411400,商丘市,0370
411402,梁园区,0370
411403,睢阳区,0370
411421,民权县,0370
411422,睢县,0370
411423,宁陵县,0370
411424,柘城县,0370
411425,虞城县,0370
411426,夏邑县,0370
411481,永城市,0370
411500,信阳市,0376
411502,浉河区,0376
411503,平桥区,0376
411521,罗山县,0376
411522,光山县,0376
411523,新县,0376
411524,商城县,0376
411525,固始县,0376
411526,潢川县,0376
411527,淮滨县,0376
411528,息县,0376
411600,周口市,0394
411602,川汇区,0394
411621,扶沟县,0394
411622,西华县,0394
411623,商水县,0394
411624,沈丘县,0394
411625,郸城县,0394
411626,淮阳县,0394
411627,太康县,0394
411628,鹿邑县,0394
411681,项城市,0394
411700,驻马店市,0396
411702,驿城区,0396
411721,西平县,0396
411722,上蔡县,0396
411723,平舆县,0396
411724,正阳县,0396
411725,确山县,0396
411726,泌阳县,0396
411727,汝南县,0396
411728,遂平县,0396
411729,新蔡县,0396
419000,直辖县级,
419001,济源市,0391
420000,湖北省,
420100,武汉市,027
420102,江岸区,027
420103,江汉区,027
420104,硚口区,027
420105,汉阳区,027
420106,武昌区,027
420107,青山区,027
420111,洪山区,027
420112,东西湖区,027
420113,汉南区,027
420114,蔡甸区,027
420115,江夏区,027
420116,黄陂区,027
420117,新洲区,027
420200,黄石市,0714
420202,黄石港区,0714
420203,西塞山区,0714
420204,下陆区,0714
420205,铁山区,0714
420222,阳新县,0714
420281,大冶市,0714
420300,十堰市,0719
420302,茅箭区,0719
420303,张湾区,0719
420304,郧阳区,0719
420322,郧西县,0719
420323,竹山县,0719
420324,竹溪县,0719
420325,房县,0719
420381,丹江口市,0719
420500,宜昌市,0717
420502,西陵区,0717
420503,伍家岗区,0717
420504,点军区,0717
420505,猇亭区,0717
420506,夷陵区,0717
420525,远安县,0717
420526,兴山县,0717
420527,秭归县,0717
420528,长阳土家族自治县,0717
420529,五峰土家族自治县,0717
420581,宜都市,0717
420582,当阳市,0717
420583,枝江市,0717
420600,襄阳市,0710
420602,襄城区,0710
420606,樊城区,0710
420607,襄州区,0710
420624,南漳县,0710
420625,谷城县,0710
420626,保康县,0710
420682,老河口市,0710
420683,枣阳市,0710
420684,宜城市,0710
420700,鄂州市,0711
420702,梁子湖区,0711
420703,华容区,0711
420704,鄂城区,0711
420800,荆门市,0724
420802,东宝区,0724
420804,掇刀区,0724
420821,京山县,0724
420822,沙洋县,0724
420881,钟祥市,0724
420900,孝感市,0712
420902,孝南区,0712
420921,孝昌县,0712
420922,大悟县,0712
420923,云梦县,0712
420981,应城市,0712
420982,安陆市,0712
420984,汉川市,0712
421000,荆州市,0716
421002,沙市区,0716
421003,荆州区,0716
421022,公安县,0716
421023,监利县,0716
421024,江陵县,0716
421081,石首市,0716
421083,洪湖市,0716
421087,松滋市,0716
421100,黄冈市,0713
421102,黄州区,0713
421121,团风县,0713
421122,红安县,0713
421123,罗田县,0713
421124,英山县,0713
421125,浠水县,0713
421126,蕲春县,0713
421127,黄梅县,0713
421181,麻城市,0713
421182,武穴市,0713
421200,咸宁市,0715
421202,咸安区,0715
421221,嘉鱼县,0715
421222,通城县,0715
421223,崇阳县,0715
421224,通山县,0715
421281,赤壁市,0715
421300,随州市,0722
421303,曾都区,0722
421321,随县,0722
421381,广水市,0722
422800,恩施土家族苗族自治州,0718
422801,恩施市,0718
422802,利川市,0718
422822,建始县,0718
422823,巴东县,0718
422825,宣恩县,0718
422826,咸丰县,0718
422827,来凤县,0718
422828,鹤峰县,0718
429000,直辖县级,
429004,仙桃市,0728
429005,潜江市,0728
429006,天门市,0728
429021,神农架林区,0719
430000,湖南省,
430100,长沙市,0731
430102,芙蓉区,0731
430103,天心区,0731
430104,岳麓区,0731
430105,开福区,0731
430111,雨花区,0731
430112,望城区,0731
430121,长沙县,0731
430124,宁乡县,0731
430181,浏阳市,0731
430200,株洲市,0731
430202,荷塘区,0731
430203,芦淞区,0731
430204,石峰区,0731
430211,天元区,0731
430221,株洲县,0731
430223,攸县,0731
430224,茶陵县,0731
430225,炎陵县,0731
430281,醴陵市,0731
430300,湘潭市,0731
430302,雨湖区,0731
430304,岳塘区,0731
430321,湘潭县,0731
430381,湘乡市,0731
430382,韶山市,0731
430400,衡阳市,0734
430405,珠晖区,0734
430406,雁峰区,0734
430407,石鼓区,0734
430408,蒸湘区,0734
430412,南岳区,0734
430421,衡阳县,0734
430422,衡南县,0734
430423,衡山县,0734
430424,衡东县,0734
430426,祁东县,0734
430481,耒阳市,0734
430482,常宁市,0734
430500,邵阳市,0739
430502,双清区,0739
430503,大祥区,0739
430511,北塔区,0739
430521,邵东县,0739
430522,新邵县,0739
430523,邵阳县,0739
430524,隆回县,0739
430525,洞口县,0739
430527,绥宁县,0739
430528,新宁县,0739
430529,城步苗族自治县,0739
430581,武冈市,0739
430600,岳阳市,0730
430602,岳阳楼区,0730
430603,云溪区,0730
430611,君山区,0730
430621,岳阳县,0730
430623,华容县,0730
430624,湘阴县,0730
430626,平江县,0730
430681,汨罗市,0730
430682,临湘市,0730
430700,常德市,0736
430702,武陵区,0736
430703,鼎城区,0736
430721,安乡县,0736
430722,汉寿县,0736
430723,澧县,0736
430724,临澧县,0736
430725,桃源县,0736
430726,石门县,0736
430781,津市市,0736
430800,张家界市,0744
430802,永定区,0744
430811,武陵源区,0744
430821,慈利县,0744
430822,桑植县,0744
430900,益阳市,0737
430902,资阳区,0737
430903,赫山区,0737
430921,南县,0737
430922,桃江县,0737
430923,安化县,0737
430981,沅江市,0737
431000,郴州市,0735
431002,北湖区,0735
431003,苏仙区,0735
431021,桂阳县,0735
431022,宜章县,0735
431023,永兴县,0735
431024,嘉禾县,0735
431025,临武县,0735
431026,汝城县,0735
431027,桂东县,0735
431028,安仁县,0735
431081,资兴市,0735
431100,永州市,0746
431102,零陵区,0746
431103,冷水滩区,0746
431121,祁阳县,0746
431122,东安县,0746
431123,双牌县,0746
431124,道县,0746
431125,江永县,0746
431126,宁远县,0746
431127,蓝山县,0746
431128,新田县,0746
431129,江华瑶族自治县,0746
431200,怀化市,0745
431202,鹤城区,0745
431221,中方县,0745
431222,沅陵县,0745
431223,辰溪县,0745
431224,溆浦县,0745
431225,会同县,0745
431226,麻阳苗族自治县,0745
431227,新晃侗族自治县,0745
431228,芷江侗族自治县,0745
431229,靖州苗族侗族自治县,0745
431230,通道侗族自治县,0745
431281,洪江市,0745
431300,娄底市,0738
431302,娄星区,0738
431321,双峰县,0738
431322,新化县,0738
431381,冷水江市,0738
431382,涟源市,0738
433100,湘西土家族苗族自治州,0743
433101,吉首市,0743
433122,泸溪县,0743
433123,凤凰县,0743
433124,花垣县,0743
433125,保靖县,0743
433126,古丈县,0743
433127,永顺县,0743
433130,龙山县,0743
440000,广东省,
440100,广州市,020
440103,荔湾区,020
440104,越秀区,020
440105,海珠区,020
440106,天河区,020
440111,白云区,020
440112,黄埔区,020
440113,番禺区,020
440114,花都区,020
440115,南沙区,020
440117,从化区,020
440118,增城区,020
440200,韶关市,0751
440203,武江区,0751
440204,浈江区,0751
440205,曲江区,0751
440222,始兴县,0751
440224,仁化县,0751
440229,翁源县,0751
440232,乳源瑶族自治县,0751
440233,新丰县,0751
440281,乐昌市,0751
440282,南雄市,0751
440300,深圳市,0755
440303,罗湖区,0755
440304,福田区,0755
440305,南山区,0755
440306,宝安区,0755
440307,龙岗区,0755
440308,盐田区,0755
440309,光明新区,0755
440310,坪山新区,0755
440311,大鹏新区,0755
440312,龙华新区,0755
440400,珠海市,0756
440402,香洲区,0756
440403,斗门区,0756
440404,金湾区,0756
440500,汕头市,0754
440507,龙湖区,0754
440511,金平区,0754
440512,濠江区,0754
440513,潮阳区,0754
440514,潮南区,0754
440515,澄海区,0754
440523,南澳县,0754
440600,佛山市,0757
440604,禅城区,0757
440605,南海区,0757
440606,顺德区,0757
440607,三水区,0757
440608,高明区,0757
440700,江门市,0750
440703,蓬江区,0750
440704,江海区,0750
440705,新会区,0750
440781,台山市,0750
440783,开平市,0750
440784,鹤山市,0750
440785,恩平市,0750
440800,湛江市,0759
440802,赤坎区,0759
440803,霞山区,0759
440804,坡头区,0759
440811,麻章区,0759
440823,遂溪县,0759
440825,徐闻县,0759
440881,廉江市,0759
440882,雷州市,0759
440883,吴川市,0759
440900,茂名市,0668
440902,茂南区,0668
440904,电白区,0668
440981,高州市,0668
440982,化州市,0668
440983,信宜市,0668
441200,肇庆市,0758
441202,端州区,0758
441203,鼎湖区,0758
441223,广宁县,0758
441224,怀集县,0758
441225,封开县,0758
441226,德庆县,0758
441283,高要市,0758
441284,四会市,0758
441300,惠州市,0752
441302,惠城区,0752
441303,惠阳区,0752
441322,博罗县,0752
441323,惠东县,0752
441324,龙门县,0752
441400,梅州市,0753
441402,梅江区,0753
441403,梅县区,0753
441422,大埔县,0753
441423,丰顺县,0753
441424,五华县,0753
441426,平远县,0753
441427,蕉岭县,0753
441481,兴宁市,0753
441500,汕尾市,0660
441502,城区,0660
441521,海丰县,0660
441523,陆河县,0660
441581,陆丰市,0660
441600,河源市,0762
441602,源城区,0762
441621,紫金县,0762
441622,龙川县,0762
441623,连平县,0762
441624,和平县,0762
441625,东源县,0762
441700,阳江市,0662
441702,江城区,0662
441704,阳东区,0662
441721,阳西县,0662
441781,阳春市,0662
441800,清远市,0763
441802,清城区,0763
441803,清新区,0763
441821,佛冈县,0763
441823,阳山县,0763
441825,连山壮族瑶族自治县,0763
441826,连南瑶族自治县,0763
441881,英德市,0763
441882,连州市,0763
441900,东莞市,0769
441901,莞城区,0769
441902,南城区,0769
441904,万江区,0769
441905,石碣镇,0769
441906,石龙镇,0769
441907,茶山镇,0769
441908,石排镇,0769
441909,企石镇,0769
441910,横沥镇,0769
441911,桥头镇,0769
441912,谢岗镇,0769
441913,东坑镇,0769
441914,常平镇,0769
441915,寮步镇,0769
441916,大朗镇,0769
441917,麻涌镇,0769
441918,中堂镇,0769
441919,高埗镇,0769
441920,樟木头镇,0769
441921,大岭山镇,0769
441922,望牛墩镇,0769
441923,黄江镇,0769
441924,洪梅镇,0769
441925,清溪镇,0769
441926,沙田镇,0769
441927,道滘镇,0769
441928,塘厦镇,0769
441929,虎门镇,0769
441930,厚街镇,0769
441931,凤岗镇,0769
441932,长安镇,0769
442000,中山市,0760
442001,石岐区,0760
442004,南区,0760
442005,五桂山区,0760
442006,火炬开发区,0760
442007,黄圃镇,0760
442008,南头镇,0760
442009,东凤镇,0760
442010,阜沙镇,0760
442011,小榄镇,0760
442012,东升镇,0760
442013,古镇镇,0760
442014,横栏镇,0760
442015,三角镇,0760
442016,民众镇,0760
442017,南朗镇,0760
442018,港口镇,0760
442019,大涌镇,0760
442020,沙溪镇,0760
442021,三乡镇,0760
442022,板芙镇,0760
442023,神湾镇,0760
442024,坦洲镇,0760
445100,潮州市,0768
445102,湘桥区,0768
445103,潮安区,0768
445122,饶平县,0768
445200,揭阳市,0633
445202,榕城区,0633
445203,揭东区,0633
445222,揭西县,0633
445224,惠来县,0633
445281,普宁市,0633
445300,云浮市,0766
445302,云城区,0766
445303,云安区,0766
445321,新兴县,0766
445322,郁南县,0766
445381,罗定市,0766
450000,广西壮族自治区,
450100,南宁市,0771
450102,兴宁区,0771
450103,青秀区,0771
450105,江南区,0771
450107,西乡塘区,0771
450108,良庆区,0771
450109,邕宁区,0771
450122,武鸣县,0771
450123,隆安县,0771
450124,马山县,0771
450125,上林县,0771
450126,宾阳县,0771
450127,横县,0771
450128,埌东新区,0771
450200,柳州市,0772
450202,城中区,0772
450203,鱼峰区,0772
450204,柳南区,0772
450205,柳北区,0772
450221,柳江县,0772
450222,柳城县,0772
450223,鹿寨县,0772
450224,融安县,0772
450225,融水苗族自治县,0772
450226,三江侗族自治县,0772
450227,柳东新区,0772
450300,桂林市,0773
450302,秀峰区,0773
450303,叠彩区,0773
450304,象山区,0773
450305,七星区,0773
450311,雁山区,0773
450312,临桂区,0773
450321,阳朔县,0773
450323,灵川县,0773
450324,全州县,0773
450325,兴安县,0773
450326,永福县,0773
450327,灌阳县,0773
450328,龙胜各族自治县,0773
450329,资源县,0773
450330,平乐县,0773
450331,荔浦县,0773
450332,恭城瑶族自治县,0773
450400,梧州市,0774
450403,万秀区,0774
450405,长洲区,0774
450406,龙圩区,0774
450421,苍梧县,0774
450422,藤县,0774
450423,蒙山县,0774
450481,岑溪市,0774
450500,北海市,0779
450502,海城区,0779
450503,银海区,0779
450512,铁山港区,0779
450521,合浦县,0779
450600,防城港市,0770
450602,港口区,0770
450603,防城区,0770
450621,上思县,0770
450681,东兴市,0770
450700,钦州市,0777
450702,钦南区,0777
450703,钦北区,0777
450721,灵山县,0777
450722,浦北县,0777
450800,贵港市,0775
450802,港北区,0775
450803,港南区,0775
450804,覃塘区,0775
450821,平南县,0775
450881,桂平市,0775
450900,玉林市,0775
450902,玉州区,0775
450903,福绵区,0775
450904,玉东新区,0775
450921,容县,0775
450922,陆川县,0775
450923,博白县,0775
450924,兴业县,0775
450981,北流市,0775
451000,百色市,0776
451002,右江区,0776
451021,田阳县,0776
451022,田东县,0776
451023,平果县,0776
451024,德保县,0776
451025,靖西县,0776
451026,那坡县,0776
451027,凌云县,0776
451028,乐业县,0776
451029,田林县,0776
451030,西林县,0776
451031,隆林各族自治县,0776
451100,贺州市,0774
451102,八步区,0774
451121,昭平县,0774
451122,钟山县,0774
451123,富川瑶族自治县,0774
451124,平桂管理区,0774
451200,河池市,0778
451202,金城江区,0779
451221,南丹县,0781
451222,天峨县,0782
451223,凤山县,0783
451224,东兰县,0784
451225,罗城仫佬族自治县,0785
451226,环江毛南族自治县,0786
451227,巴马瑶族自治县,0787
451228,都安瑶族自治县,0788
451229,大化瑶族自治县,0789
451281,宜州市,0780
451300,来宾市,0772
451302,兴宾区,0772
451321,忻城县,0772
451322,象州县,0772
451323,武宣县,0772
451324,金秀瑶族自治县,0772
451381,合山市,0772
451400,崇左市,0771
451402,江州区,0771
451421,扶绥县,0771
451422,宁明县,0771
451423,龙州县,0771
451424,大新县,0771
451425,天等县,0771
451481,凭祥市,0771
460000,海南省,
460100,海口市,0898
460105,秀英区,0898
460106,龙华区,0898
460107,琼山区,0898
460108,美兰区,0898
460200,三亚市,0898
460202,海棠区,0898
460203,吉阳区,0898
460204,天涯区,0898
460205,崖州区,0898
460300,三沙市,0898
460321,西沙群岛,0898
460322,南沙群岛,0898
460323,中沙群岛,0898
469000,直辖县级,
469001,五指山市,0898
469002,琼海市,0898
469003,儋州市,0898
469005,文昌市,0898
469006,万宁市,0898
469007,东方市,0898
469021,定安县,0898
469022,屯昌县,0898
469023,澄迈县,0898
469024,临高县,0898
469025,白沙黎族自治县,0898
469026,昌江黎族自治县,0898
469027,乐东黎族自治县,0898
469028,陵水黎族自治县,0898
469029,保亭黎族苗族自治县,0898
469030,琼中黎族苗族自治县,0898
500000,重庆,
500100,重庆市,023
500101,万州区,023
500102,涪陵区,023
500103,渝中区,023
500104,大渡口区,023
500105,江北区,023
500106,沙坪坝区,023
500107,九龙坡区,023
500108,南岸区,023
500109,北碚区,023
500110,綦江区,023
500111,大足区,023
500112,渝北区,023
500113,巴南区,023
500114,黔江区,023
500115,长寿区,023
500116,江津区,023
500117,合川区,023
500118,永川区,023
500119,南川区,023
500120,璧山区,023
500151,铜梁区,023
500223,潼南县,023
500226,荣昌县,023
500228,梁平县,023
500229,城口县,023
500230,丰都县,023
500231,垫江县,023
500232,武隆县,023
500233,忠县,023
500234,开县,023
500235,云阳县,023
500236,奉节县,023
500237,巫山县,023
500238,巫溪县,023
500240,石柱土家族自治县,023
500241,秀山土家族苗族自治县,023
500242,酉阳土家族苗族自治县,023
500243,彭水苗族土家族自治县,023
500300,两江新区,023
500301,北部新区,023
500302,保税港区,023
500303,工业园区,023
510000,四川省,
510100,成都市,028
510104,锦江区,028
510105,青羊区,028
510106,金牛区,028
510107,武侯区,028
510108,成华区,028
510112,龙泉驿区,028
510113,青白江区,028
510114,新都区,028
510115,温江区,028
510121,金堂县,028
510122,双流县,028
510124,郫县,028
510129,大邑县,028
510131,蒲江县,028
510132,新津县,028
510181,都江堰市,028
510182,彭州市,028
510183,邛崃市,028
510184,崇州市,028
510300,自贡市,0813
510302,自流井区,0813
510303,贡井区,0813
510304,大安区,0813
510311,沿滩区,0813
510321,荣县,0813
510322,富顺县,0813
510400,攀枝花市,0812
510402,东区,0812
510403,西区,0812
510411,仁和区,0812
510421,米易县,0812
510422,盐边县,0812
510500,泸州市,0830
510502,江阳区,0830
510503,纳溪区,0830
510504,龙马潭区,0830
510521,泸县,0830
510522,合江县,0830
510524,叙永县,0830
510525,古蔺县,0830
510600,德阳市,0838
510603,旌阳区,0838
510623,中江县,0838
510626,罗江县,0838
510681,广汉市,0838
510682,什邡市,0838
510683,绵竹市,0838
510700,绵阳市,0816
510703,涪城区,0816
510704,游仙区,0816
510722,三台县,0816
510723,盐亭县,0816
510724,安县,0816
510725,梓潼县,0816
510726,北川羌族自治县,0816
510727,平武县,0816
510781,江油市,0816
510800,广元市,0839
510802,利州区,0839
510811,昭化区,0839
510812,朝天区,0839
510821,旺苍县,0839
510822,青川县,0839
510823,剑阁县,0839
510824,苍溪县,0839
510900,遂宁市,0825
510903,船山区,0825
510904,安居区,0825
510921,蓬溪县,0825
510922,射洪县,0825
510923,大英县,0825
511000,内江市,0832
511002,市中区,0832
511011,东兴区,0832
511024,威远县,0832
511025,资中县,0832
511028,隆昌县,0832
511100,乐山市,0833
511102,市中区,0833
511111,沙湾区,0833
511112,五通桥区,0833
511113,金口河区,0833
511123,犍为县,0833
511124,井研县,0833
511126,夹江县,0833
511129,沐川县,0833
511132,峨边彝族自治县,0833
511133,马边彝族自治县,0833
511181,峨眉山市,0833
511300,南充市,0817
511302,顺庆区,0817
511303,高坪区,0817
511304,嘉陵区,0817
511321,南部县,0817
511322,营山县,0817
511323,蓬安县,0817
511324,仪陇县,0817
511325,西充县,0817
511381,阆中市,0817
511400,眉山市,028
511402,东坡区,028
511403,彭山区,028
511421,仁寿县,028
511423,洪雅县,028
511424,丹棱县,028
511425,青神县,028
511500,宜宾市,0831
511502,翠屏区,0831
511503,南溪区,0831
511521,宜宾县,0831
511523,江安县,0831
511524,长宁县,0831
511525,高县,0831
511526,珙县,0831
511527,筠连县,0831
511528,兴文县,0831
511529,屏山县,0831
511600,广安市,0826
511602,广安区,0826
511603,前锋区,0826
511621,岳池县,0826
511622,武胜县,0826
511623,邻水县,0826
511681,华蓥市,0826
511700,达州市,0818
511702,通川区,0818
511703,达川区,0818
511722,宣汉县,0818
511723,开江县,0818
511724,大竹县,0818
511725,渠县,0818
511781,万源市,0818
511800,雅安市,0835
511802,雨城区,0835
511803,名山区,0835
511822,荥经县,0835
511823,汉源县,0835
511824,石棉县,0835
511825,天全县,0835
511826,芦山县,0835
511827,宝兴县,0835
511900,巴中市,0827
511902,巴州区,0827
511903,恩阳区,0827
511921,通江县,0827
511922,南江县,0827
511923,平昌县,0827
512000,资阳市,028
512002,雁江区,028
512021,安岳县,028
512022,乐至县,028
512081,简阳市,028
513200,阿坝藏族羌族自治州,0837
513221,汶川县,0837
513222,理县,0837
513223,茂县,0837
513224,松潘县,0837
513225,九寨沟县,0837
513226,金川县,0837
513227,小金县,0837
513228,黑水县,0837
513229,马尔康县,0837
513230,壤塘县,0837
513231,阿坝县,0837
513232,若尔盖县,0837
513233,红原县,0837
513300,甘孜藏族自治州,0836
513321,康定县,0836
513322,泸定县,0836
513323,丹巴县,0836
513324,九龙县,0836
513325,雅江县,0836
513326,道孚县,0836
513327,炉霍县,0836
513328,甘孜县,0836
513329,新龙县,0836
513330,德格县,0836
513331,白玉县,0836
513332,石渠县,0836
513333,色达县,0836
513334,理塘县,0836
513335,巴塘县,0836
513336,乡城县,0836
513337,稻城县,0836
513338,得荣县,0836
513400,凉山彝族自治州,0834
513401,西昌市,0835
513422,木里藏族自治县,0851
513423,盐源县,0836
513424,德昌县,0837
513425,会理县,0838
513426,会东县,0839
513427,宁南县,0840
513428,普格县,0841
513429,布拖县,0842
513430,金阳县,0843
513431,昭觉县,0844
513432,喜德县,0845
513433,冕宁县,0846
513434,越西县,0847
513435,甘洛县,0848
513436,美姑县,0849
513437,雷波县,0850
520000,贵州省,
520100,贵阳市,0851
520102,南明区,0851
520103,云岩区,0851
520111,花溪区,0851
520112,乌当区,0851
520113,白云区,0851
520115,观山湖区,0851
520121,开阳县,0851
520122,息烽县,0851
520123,修文县,0851
520181,清镇市,0851
520200,六盘水市,0858
520201,钟山区,0858
520203,六枝特区,0858
520221,水城县,0858
520222,盘县,0858
520300,遵义市,0852
520302,红花岗区,0852
520303,汇川区,0852
520321,遵义县,0852
520322,桐梓县,0852
520323,绥阳县,0852
520324,正安县,0852
520325,道真仡佬族苗族自治县,0852
520326,务川仡佬族苗族自治县,0852
520327,凤冈县,0852
520328,湄潭县,0852
520329,余庆县,0852
520330,习水县,0852
520381,赤水市,0852
520382,仁怀市,0852
520400,安顺市,0853
520402,西秀区,0853
520421,平坝区,0853
520422,普定县,0853
520423,镇宁布依族苗族自治县,0853
520424,关岭布依族苗族自治县,0853
520425,紫云苗族布依族自治县,0853
520500,毕节市,0857
520502,七星关区,0857
520521,大方县,0857
520522,黔西县,0857
520523,金沙县,0857
520524,织金县,0857
520525,纳雍县,0857
520526,威宁彝族回族苗族自治县,0857
520527,赫章县,0857
520600,铜仁市,0856
520602,碧江区,0856
520603,万山区,0856
520621,江口县,0856
520622,玉屏侗族自治县,0856
520623,石阡县,0856
520624,思南县,0856
520625,印江土家族苗族自治县,0856
520626,德江县,0856
520627,沿河土家族自治县,0856
520628,松桃苗族自治县,0856
522300,黔西南布依族苗族自治州,0859
522301,兴义市 ,0859
522322,兴仁县,0859
522323,普安县,0859
522324,晴隆县,0859
522325,贞丰县,0859
522326,望谟县,0859
522327,册亨县,0859
522328,安龙县,0859
522600,黔东南苗族侗族自治州,0855
522601,凯里市,0855
522622,黄平县,0855
522623,施秉县,0855
522624,三穗县,0855
522625,镇远县,0855
522626,岑巩县,0855
522627,天柱县,0855
522628,锦屏县,0855
522629,剑河县,0855
522630,台江县,0855
522631,黎平县,0855
522632,榕江县,0855
522633,从江县,0855
522634,雷山县,0855
522635,麻江县,0855
522636,丹寨县,0855
522700,黔南布依族苗族自治州,0854
522701,都匀市,0854
522702,福泉市,0854
522722,荔波县,0854
522723,贵定县,0854
522725,瓮安县,0854
522726,独山县,0854
522727,平塘县,0854
522728,罗甸县,0854
522729,长顺县,0854
522730,龙里县,0854
522731,惠水县,0854
522732,三都水族自治县,0854
530000,云南省,
530100,昆明市,0871
530102,五华区,0871
530103,盘龙区,0871
530111,官渡区,0871
530112,西山区,0871
530113,东川区,0871
530114,呈贡区,0871
530122,晋宁县,0871
530124,富民县,0871
530125,宜良县,0871
530126,石林彝族自治县,0871
530127,嵩明县,0871
530128,禄劝彝族苗族自治县,0871
530129,寻甸回族彝族自治县 ,0871
530181,安宁市,0871
530300,曲靖市,0874
530302,麒麟区,0874
530321,马龙县,0874
530322,陆良县,0874
530323,师宗县,0874
530324,罗平县,0874
530325,富源县,0874
530326,会泽县,0874
530328,沾益县,0874
530381,宣威市,0874
530400,玉溪市,0877
530402,红塔区,0877
530421,江川县,0877
530422,澄江县,0877
530423,通海县,0877
530424,华宁县,0877
530425,易门县,0877
530426,峨山彝族自治县,0877
530427,新平彝族傣族自治县,0877
530428,元江哈尼族彝族傣族自治县,0877
530500,保山市,0875
530502,隆阳区,0875
530521,施甸县,0875
530522,腾冲县,0875
530523,龙陵县,0875
530524,昌宁县,0875
530600,昭通市,0870
530602,昭阳区,0870
530621,鲁甸县,0870
530622,巧家县,0870
530623,盐津县,0870
530624,大关县,0870
530625,永善县,0870
530626,绥江县,0870
530627,镇雄县,0870
530628,彝良县,0870
530629,威信县,0870
530630,水富县,0870
530700,丽江市,0888
530702,古城区,0888
530721,玉龙纳西族自治县,0888
530722,永胜县,0888
530723,华坪县,0888
530724,宁蒗彝族自治县,0888
530800,普洱市,0879
530802,思茅区,0879
530821,宁洱哈尼族彝族自治县,0879
530822,墨江哈尼族自治县,0879
530823,景东彝族自治县,0879
530824,景谷傣族彝族自治县,0879
530825,镇沅彝族哈尼族拉祜族自治县,0879
530826,江城哈尼族彝族自治县,0879
530827,孟连傣族拉祜族佤族自治县,0879
530828,澜沧拉祜族自治县,0879
530829,西盟佤族自治县,0879
530900,临沧市,0883
530902,临翔区,0883
530921,凤庆县,0883
530922,云县,0883
530923,永德县,0883
530924,镇康县,0883
530925,双江拉祜族佤族布朗族傣族自治县,0883
530926,耿马傣族佤族自治县,0883
530927,沧源佤族自治县,0883
532300,楚雄彝族自治州,0878
532301,楚雄市,0878
532322,双柏县,0878
532323,牟定县,0878
532324,南华县,0878
532325,姚安县,0878
532326,大姚县,0878
532327,永仁县,0878
532328,元谋县,0878
532329,武定县,0878
532331,禄丰县,0878
532500,红河哈尼族彝族自治州,0873
532501,个旧市,0873
532502,开远市,0873
532503,蒙自市,0873
532504,弥勒市,0873
532523,屏边苗族自治县,0873
532524,建水县,0873
532525,石屏县,0873
532527,泸西县,0873
532528,元阳县,0873
532529,红河县,0873
532530,金平苗族瑶族傣族自治县,0873
532531,绿春县,0873
532532,河口瑶族自治县,0873
532600,文山壮族苗族自治州,0876
532601,文山市,0876
532622,砚山县,0876
532623,西畴县,0876
532624,麻栗坡县,0876
532625,马关县,0876
532626,丘北县,0876
532627,广南县,0876
532628,富宁县,0876
532800,西双版纳傣族自治州,0691
532801,景洪市,0691
532822,勐海县,0691
532823,勐腊县,0691
532900,大理白族自治州,0872
532901,大理市,0872
532922,漾濞彝族自治县,0872
532923,祥云县,0872
532924,宾川县,0872
532925,弥渡县,0872
532926,南涧彝族自治县,0872
532927,巍山彝族回族自治县,0872
532928,永平县,0872
532929,云龙县,0872
532930,洱源县,0872
532931,剑川县,0872
532932,鹤庆县,0872
533100,德宏傣族景颇族自治州,0692
533102,瑞丽市,0692
533103,芒市,0692
533122,梁河县,0692
533123,盈江县,0692
533124,陇川县,0692
533300,怒江傈僳族自治州,0886
533321,泸水县,0886
533323,福贡县,0886
533324,贡山独龙族怒族自治县,0886
533325,兰坪白族普米族自治县,0886
533400,迪庆藏族自治州,0887
533421,香格里拉市,0887
533422,德钦县,0887
533423,维西傈僳族自治县,0887
540000,西藏自治区,
540100,拉萨市,0891
540102,城关区,0891
540121,林周县,0891
540122,当雄县,0891
540123,尼木县,0891
540124,曲水县,0891
540125,堆龙德庆县,0891
540126,达孜县,0891
540127,墨竹工卡县,0891
540200,日喀则市,0892
540202,桑珠孜区,0892
540221,南木林县,0892
540222,江孜县,0892
540223,定日县,0892
540224,萨迦县,0892
540225,拉孜县,0892
540226,昂仁县,0892
540227,谢通门县,0892
540228,白朗县,0892
540229,仁布县,0892
540230,康马县,0892
540231,定结县,0892
540232,仲巴县,0892
540233,亚东县,0892
540234,吉隆县,0892
540235,聂拉木县,0892
540236,萨嘎县,0892
540237,岗巴县,0892
540300,昌都市,0895
540302,卡若区,0895
540321,江达县,0895
540322,贡觉县,0895
540323,类乌齐县,0895
540324,丁青县,0895
540325,察雅县,0895
540326,八宿县,0895
540327,左贡县,0895
540328,芒康县,0895
540329,洛隆县,0895
540330,边坝县,0895
542200,山南地区,0893
542221,乃东县,0893
542222,扎囊县,0893
542223,贡嘎县,0893
542224,桑日县,0893
542225,琼结县,0893
542226,曲松县,0893
542227,措美县,0893
542228,洛扎县,0893
542229,加查县,0893
542231,隆子县,0893
542232,错那县,0893
542233,浪卡子县,0893
542400,那曲地区,0896
542421,那曲县,0896
542422,嘉黎县,0896
542423,比如县,0896
542424,聂荣县,0896
542425,安多县,0896
542426,申扎县,0896
542427,索县,0896
542428,班戈县,0896
542429,巴青县,0896
542430,尼玛县,0896
542431,双湖县,0896
542500,阿里地区,0897
542521,普兰县,0897
542522,札达县,0897
542523,噶尔县,0897
542524,日土县,0897
542525,革吉县,0897
542526,改则县,0897
542527,措勤县,0897
542600,林芝地区,0894
542621,林芝县,0894
542622,工布江达县,0894
542623,米林县,0894
542624,墨脱县,0894
542625,波密县,0894
542626,察隅县,0894
542627,朗县,0894
610000,陕西省,
610100,西安市,029
610102,新城区,029
610103,碑林区,029
610104,莲湖区,029
610111,灞桥区,029
610112,未央区,029
610113,雁塔区,029
610114,阎良区,029
610115,临潼区,029
610116,长安区,029
610122,蓝田县,029
610124,周至县,029
610125,户县,029
610126,高陵区,029
610200,铜川市,0919
610202,王益区,0919
610203,印台区,0919
610204,耀州区,0919
610222,宜君县,0919
610300,宝鸡市,0917
610302,渭滨区,0917
610303,金台区,0917
610304,陈仓区,0917
610322,凤翔县,0917
610323,岐山县,0917
610324,扶风县,0917
610326,眉县,0917
610327,陇县,0917
610328,千阳县,0917
610329,麟游县,0917
610330,凤县,0917
610331,太白县,0917
610400,咸阳市,029
610402,秦都区,029
610403,杨陵区,029
610404,渭城区,029
610422,三原县,029
610423,泾阳县,029
610424,乾县,029
610425,礼泉县,029
610426,永寿县,029
610427,彬县,029
610428,长武县,029
610429,旬邑县,029
610430,淳化县,029
610431,武功县,029
610481,兴平市,029
610500,渭南市,0913
610502,临渭区,0913
610521,华县,0913
610522,潼关县,0913
610523,大荔县,0913
610524,合阳县,0913
610525,澄城县,0913
610526,蒲城县,0913
610527,白水县,0913
610528,富平县,0913
610581,韩城市,0913
610582,华阴市,0913
610600,延安市,0911
610602,宝塔区,0911
610621,延长县,0911
610622,延川县,0911
610623,子长县,0911
610624,安塞县,0911
610625,志丹县,0911
610626,吴起县,0911
610627,甘泉县,0911
610628,富县,0911
610629,洛川县,0911
610630,宜川县,0911
610631,黄龙县,0911
610632,黄陵县,0911
610700,汉中市,0916
610702,汉台区,0916
610721,南郑县,0916
610722,城固县,0916
610723,洋县,0916
610724,西乡县,0916
610725,勉县,0916
610726,宁强县,0916
610727,略阳县,0916
610728,镇巴县,0916
610729,留坝县,0916
610730,佛坪县,0916
610800,榆林市,0912
610802,榆阳区,0912
610821,神木县,0912
610822,府谷县,0912
610823,横山县,0912
610824,靖边县,0912
610825,定边县,0912
610826,绥德县,0912
610827,米脂县,0912
610828,佳县,0912
610829,吴堡县,0912
610830,清涧县,0912
610831,子洲县,0912
610900,安康市,0915
610902,汉滨区,0915
610921,汉阴县,0915
610922,石泉县,0915
610923,宁陕县,0915
610924,紫阳县,0915
610925,岚皋县,0915
610926,平利县,0915
610927,镇坪县,0915
610928,旬阳县,0915
610929,白河县,0915
611000,商洛市,0914
611002,商州区,0914
611021,洛南县,0914
611022,丹凤县,0914
611023,商南县,0914
611024,山阳县,0914
611025,镇安县,0914
611026,柞水县,0914
611100,西咸新区,029
611101,空港新城,0374
611102,沣东新城,029
611103,秦汉新城,029
611104,沣西新城,029
611105,泾河新城,029
620000,甘肃省,
620100,兰州市,0931
620102,城关区,0931
620103,七里河区,0931
620104,西固区,0931
620105,安宁区,0931
620111,红古区,0931
620121,永登县,0931
620122,皋兰县,0931
620123,榆中县,0931
620200,嘉峪关市,0937
620201,雄关区,0937
620202,长城区,0937
620203,镜铁区,0937
620300,金昌市,0935
620302,金川区,0935
620321,永昌县,0935
620400,白银市,0943
620402,白银区,0943
620403,平川区,0943
620421,靖远县,0943
620422,会宁县,0943
620423,景泰县,0943
620500,天水市,0938
620502,秦州区,0938
620503,麦积区,0938
620521,清水县,0938
620522,秦安县,0938
620523,甘谷县,0938
620524,武山县,0938
620525,张家川回族自治县,0938
620600,武威市,0935
620602,凉州区,0935
620621,民勤县,0935
620622,古浪县,0935
620623,天祝藏族自治县,0935
620700,张掖市,0936
620702,甘州区,0936
620721,肃南裕固族自治县,0936
620722,民乐县,0936
620723,临泽县,0936
620724,高台县,0936
620725,山丹县,0936
620800,平凉市,0933
620802,崆峒区,0933
620821,泾川县,0933
620822,灵台县,0933
620823,崇信县,0933
620824,华亭县,0933
620825,庄浪县,0933
620826,静宁县,0933
620900,酒泉市,0937
620902,肃州区,0937
620921,金塔县,0937
620922,瓜州县,0937
620923,肃北蒙古族自治县,0937
620924,阿克塞哈萨克族自治县,0937
620981,玉门市,0937
620982,敦煌市,0937
621000,庆阳市,0934
621002,西峰区,0934
621021,庆城县,0934
621022,环县,0934
621023,华池县,0934
621024,合水县,0934
621025,正宁县,0934
621026,宁县,0934
621027,镇原县,0934
621100,定西市,0932
621102,安定区,0932
621121,通渭县,0932
621122,陇西县,0932
621123,渭源县,0932
621124,临洮县,0932
621125,漳县,0932
621126,岷县,0932
621200,陇南市,0939
621202,武都区,0939
621221,成县,0939
621222,文县,0939
621223,宕昌县,0939
621224,康县,0939
621225,西和县,0939
621226,礼县,0939
621227,徽县,0939
621228,两当县,0939
622900,临夏回族自治州,0930
622901,临夏市,0930
622921,临夏县,0930
622922,康乐县,0930
622923,永靖县,0930
622924,广河县,0930
622925,和政县,0930
622926,东乡族自治县,0930
622927,积石山保安族东乡族撒拉族自治县,0930
623000,甘南藏族自治州,0941
623001,合作市,0941
623021,临潭县,0941
623022,卓尼县,0941
623023,舟曲县,0941
623024,迭部县,0941
623025,玛曲县,0941
623026,碌曲县,0941
623027,夏河县,0941
630000,青海省,
630100,西宁市,0971
630102,城东区,0971
630103,城中区,0971
630104,城西区,0971
630105,城北区,0971
630121,大通回族土族自治县,0971
630122,湟中县,0971
630123,湟源县,0971
630200,海东市,0972
630202,乐都区,0972
630221,平安县,0972
630222,民和回族土族自治县,0972
630223,互助土族自治县,0972
630224,化隆回族自治县,0972
630225,循化撒拉族自治县,0972
632200,海北藏族自治州,0970
632221,门源回族自治县,0970
632222,祁连县,0970
632223,海晏县,0970
632224,刚察县,0970
632300,黄南藏族自治州,0973
632321,同仁县,0973
632322,尖扎县,0973
632323,泽库县,0973
632324,河南蒙古族自治县,0973
632500,海南藏族自治州,0974
632521,共和县,0974
632522,同德县,0974
632523,贵德县,0974
632524,兴海县,0974
632525,贵南县,0974
632600,果洛藏族自治州,0975
632621,玛沁县,0975
632622,班玛县,0975
632623,甘德县,0975
632624,达日县,0975
632625,久治县,0975
632626,玛多县,0975
632700,玉树藏族自治州,0976
632701,玉树市,0976
632722,杂多县,0976
632723,称多县,0976
632724,治多县,0976
632725,囊谦县,0976
632726,曲麻莱县,0976
632800,海西蒙古族藏族自治州,0977
632801,格尔木市,0977
632802,德令哈市,0977
632821,乌兰县,0977
632822,都兰县,0977
632823,天峻县,0977
640000,宁夏回族自治区,
640100,银川市,0951
640104,兴庆区,0951
640105,西夏区,0951
640106,金凤区,0951
640121,永宁县,0951
640122,贺兰县,0951
640181,灵武市,0951
640200,石嘴山市,0952
640202,大武口区,0952
640205,惠农区,0952
640221,平罗县,0952
640300,吴忠市,0953
640302,利通区,0953
640303,红寺堡区,0953
640323,盐池县,0953
640324,同心县,0953
640381,青铜峡市,0953
640400,固原市,0954
640402,原州区,0954
640422,西吉县,0954
640423,隆德县,0954
640424,泾源县,0954
640425,彭阳县,0954
640500,中卫市,0955
640502,沙坡头区,0955
640521,中宁县,0955
640522,海原县,0955
650000,新疆维吾尔自治区,
650100,乌鲁木齐市,0991
650102,天山区,0991
650103,沙依巴克区,0991
650104,新市区,0991
650105,水磨沟区,0991
650106,头屯河区,0991
650107,达坂城区,0991
650109,米东区,0991
650121,乌鲁木齐县,0991
650200,克拉玛依市,0990
650202,独山子区,0992
650203,克拉玛依区,0990
650204,白碱滩区,0990
650205,乌尔禾区,0990
652100,吐鲁番地区,0995
652101,吐鲁番市,0995
652122,鄯善县,0995
652123,托克逊县,0995
652200,哈密地区,0902
652201,哈密市,0902
652222,巴里坤哈萨克自治县,0902
652223,伊吾县,0902
652300,昌吉回族自治州,0994
652301,昌吉市,0994
652302,阜康市,0994
652323,呼图壁县,0994
652324,玛纳斯县,0994
652325,奇台县,0994
652327,吉木萨尔县,0994
652328,木垒哈萨克自治县,0994
652700,博尔塔拉蒙古自治州,0909
652701,博乐市,0909
652702,阿拉山口市,0909
652722,精河县,0909
652723,温泉县,0909
652800,巴音郭楞蒙古自治州,0996
652801,库尔勒市,0996
652822,轮台县,0996
652823,尉犁县,0996
652824,若羌县,0996
652825,且末县,0996
652826,焉耆回族自治县,0996
652827,和静县,0996
652828,和硕县,0996
652829,博湖县,0996
652900,阿克苏地区,0997
652901,阿克苏市,0997
652922,温宿县,0997
652923,库车县,0997
652924,沙雅县,0997
652925,新和县,0997
652926,拜城县,0997
652927,乌什县,0997
652928,阿瓦提县,0997
652929,柯坪县,0997
653000,克孜勒苏柯尔克孜自治州,0908
653001,阿图什市,0908
653022,阿克陶县,0908
653023,阿合奇县,0997
653024,乌恰县,0908
653100,喀什地区,0998
653101,喀什市,0998
653121,疏附县,0998
653122,疏勒县,0998
653123,英吉沙县,0998
653124,泽普县,0998
653125,莎车县,0998
653126,叶城县,0998
653127,麦盖提县,0998
653128,岳普湖县,0998
653129,伽师县,0998
653130,巴楚县,0998
653131,塔什库尔干塔吉克自治县,0998
653200,和田地区,0903
653201,和田市,0903
653221,和田县,0903
653222,墨玉县,0903
653223,皮山县,0903
653224,洛浦县,0903
653225,策勒县,0903
653226,于田县,0903
653227,民丰县,0903
654000,伊犁哈萨克自治州,0999
654002,伊宁市,0999
654003,奎屯市,0992
654004,霍尔果斯市,0999
654021,伊宁县,0999
654022,察布查尔锡伯自治县,0999
654023,霍城县,0999
654024,巩留县,0999
654025,新源县,0999
654026,昭苏县,0999
654027,特克斯县,0999
654028,尼勒克县,0999
654200,塔城地区,0901
654201,塔城市,0901
654202,乌苏市,0992
654221,额敏县,0901
654223,沙湾县,0993
654224,托里县,0901
654225,裕民县,0901
654226,和布克赛尔蒙古自治县,0990
654300,阿勒泰地区,0906
654301,阿勒泰市,0906
654321,布尔津县,0906
654322,富蕴县,0906
654323,福海县,0906
654324,哈巴河县,0906
654325,青河县,0906
654326,吉木乃县,0906
659000,直辖县级,
659001,石河子市,0993
659002,阿拉尔市,0997
659003,图木舒克市,0998
659004,五家渠市,0994
659005,北屯市,0906
659006,铁门关市,0906
659007,双河市,0909
710000,台湾,
710100,台北市,02
710101,松山区,02
710102,信义区,02
710103,大安区,02
710104,中山区,02
710105,中正区,02
710106,大同区,02
710107,万华区,02
710108,文山区,02
710109,南港区,02
710110,内湖区,02
710111,士林区,02
710112,北投区,02
710200,高雄市,07
710201,盐埕区,07
710202,鼓山区,07
710203,左营区,07
710204,楠梓区,07
710205,三民区,07
710206,新兴区,07
710207,前金区,07
710208,苓雅区,07
710209,前镇区,07
710210,旗津区,07
710211,小港区,07
710212,凤山区,07
710213,林园区,07
710214,大寮区,07
710215,大树区,07
710216,大社区,07
710217,仁武区,07
710218,鸟松区,07
710219,冈山区,07
710220,桥头区,07
710221,燕巢区,07
710222,田寮区,07
710223,阿莲区,07
710224,路竹区,07
710225,湖内区,07
710226,茄萣区,07
710227,永安区,07
710228,弥陀区,07
710229,梓官区,07
710230,旗山区,07
710231,美浓区,07
710232,六龟区,07
710233,甲仙区,07
710234,杉林区,07
710235,内门区,07
710236,茂林区,07
710237,桃源区,07
710238,那玛夏区,07
710300,基隆市,02
710301,中正区,02
710302,七堵区,02
710303,暖暖区,02
710304,仁爱区,02
710305,中山区,02
710306,安乐区,02
710307,信义区,02
710400,台中市,04
710401,中区,04
710402,东区,04
710403,南区,04
710404,西区,04
710405,北区,04
710406,西屯区,04
710407,南屯区,04
710408,北屯区,04
710409,丰原区,04
710410,东势区,04
710411,大甲区,04
710412,清水区,04
710413,沙鹿区,04
710414,梧栖区,04
710415,后里区,04
710416,神冈区,04
710417,潭子区,04
710418,大雅区,04
710419,新社区,04
710420,石冈区,04
710421,外埔区,04
710422,大安区,04
710423,乌日区,04
710424,大肚区,04
710425,龙井区,04
710426,雾峰区,04
710427,太平区,04
710428,大里区,04
710429,和平区,04
710500,台南市,06
710501,东区,06
710502,南区,06
710504,北区,06
710506,安南区,06
710507,安平区,06
710508,中西区,06
710509,新营区,06
710510,盐水区,06
710511,白河区,06
710512,柳营区,06
710513,后壁区,06
710514,东山区,06
710515,麻豆区,06
710516,下营区,06
710517,六甲区,06
710518,官田区,06
710519,大内区,06
710520,佳里区,06
710521,学甲区,06
710522,西港区,06
710523,七股区,06
710524,将军区,06
710525,北门区,06
710526,新化区,06
710527,善化区,06
710528,新市区,06
710529,安定区,06
710530,山上区,06
710531,玉井区,06
710532,楠西区,06
710533,南化区,06
710534,左镇区,06
710535,仁德区,06
710536,归仁区,06
710537,关庙区,06
710538,龙崎区,06
710539,永康区,06
710600,新竹市,03
710601,东区,03
710602,北区,03
710603,香山区,03
710700,嘉义市,05
710701,东区,05
710702,西区,05
710800,新北市,02
710801,板桥区,02
710802,三重区,02
710803,中和区,02
710804,永和区,02
710805,新庄区,02
710806,新店区,02
710807,树林区,02
710808,莺歌区,02
710809,三峡区,02
710810,淡水区,02
710811,汐止区,02
710812,瑞芳区,02
710813,土城区,02
710814,芦洲区,02
710815,五股区,02
710816,泰山区,02
710817,林口区,02
710818,深坑区,02
710819,石碇区,02
710820,坪林区,02
710821,三芝区,02
710822,石门区,02
710823,八里区,02
710824,平溪区,02
710825,双溪区,02
710826,贡寮区,02
710827,金山区,02
710828,万里区,02
710829,乌来区,02
712200,宜兰县,03
712201,宜兰市,03
712221,罗东镇,03
712222,苏澳镇,03
712223,头城镇,03
712224,礁溪乡,03
712225,壮围乡,03
712226,员山乡,03
712227,冬山乡,03
712228,五结乡,03
712229,三星乡,03
712230,大同乡,03
712231,南澳乡,03
712300,桃园县,03
712301,桃园市,03
712302,中坜市,03
712303,平镇市,03
712304,八德市,03
712305,杨梅市,03
712306,芦竹市,03
712321,大溪镇,03
712324,大园乡,03
712325,龟山乡,03
712327,龙潭乡,03
712329,新屋乡,03
712330,观音乡,03
712331,复兴乡,03
712400,新竹县,03
712401,竹北市,03
712421,竹东镇,03
712422,新埔镇,03
712423,关西镇,03
712424,湖口乡,03
712425,新丰乡,03
712426,芎林乡,03
712427,横山乡,03
712428,北埔乡,03
712429,宝山乡,03
712430,峨眉乡,03
712431,尖石乡,03
712432,五峰乡,03
712500,苗栗县,037
712501,苗栗市,037
712521,苑里镇,037
712522,通霄镇,037
712523,竹南镇,037
712524,头份镇,037
712525,后龙镇,037
712526,卓兰镇,037
712527,大湖乡,037
712528,公馆乡,037
712529,铜锣乡,037
712530,南庄乡,037
712531,头屋乡,037
712532,三义乡,037
712533,西湖乡,037
712534,造桥乡,037
712535,三湾乡,037
712536,狮潭乡,037
712537,泰安乡,037
712700,彰化县,04
712701,彰化市,04
712721,鹿港镇,04
712722,和美镇,04
712723,线西乡,04
712724,伸港乡,04
712725,福兴乡,04
712726,秀水乡,04
712727,花坛乡,04
712728,芬园乡,04
712729,员林镇,04
712730,溪湖镇,04
712731,田中镇,04
712732,大村乡,04
712733,埔盐乡,04
712734,埔心乡,04
712735,永靖乡,04
712736,社头乡,04
712737,二水乡,04
712738,北斗镇,04
712739,二林镇,04
712740,田尾乡,04
712741,埤头乡,04
712742,芳苑乡,04
712743,大城乡,04
712744,竹塘乡,04
712745,溪州乡,04
712800,南投县,049
712801,南投市,049
712821,埔里镇,049
712822,草屯镇,049
712823,竹山镇,049
712824,集集镇,049
712825,名间乡,049
712826,鹿谷乡,049
712827,中寮乡,049
712828,鱼池乡,049
712829,国姓乡,049
712830,水里乡,049
712831,信义乡,049
712832,仁爱乡,049
712900,云林县,05
712901,斗六市,05
712921,斗南镇,05
712922,虎尾镇,05
712923,西螺镇,05
712924,土库镇,05
712925,北港镇,05
712926,古坑乡,05
712927,大埤乡,05
712928,莿桐乡,05
712929,林内乡,05
712930,二仑乡,05
712931,仑背乡,05
712932,麦寮乡,05
712933,东势乡,05
712934,褒忠乡,05
712935,台西乡,05
712936,元长乡,05
712937,四湖乡,05
712938,口湖乡,05
712939,水林乡,05
713000,嘉义县,05
713001,太保市,05
713002,朴子市,05
713023,布袋镇,05
713024,大林镇,05
713025,民雄乡,05
713026,溪口乡,05
713027,新港乡,05
713028,六脚乡,05
713029,东石乡,05
713030,义竹乡,05
713031,鹿草乡,05
713032,水上乡,05
713033,中埔乡,05
713034,竹崎乡,05
713035,梅山乡,05
713036,番路乡,05
713037,大埔乡,05
713038,阿里山乡,05
713300,屏东县,08
713301,屏东市,08
713321,潮州镇,08
713322,东港镇,08
713323,恒春镇,08
713324,万丹乡,08
713325,长治乡,08
713326,麟洛乡,08
713327,九如乡,08
713328,里港乡,08
713329,盐埔乡,08
713330,高树乡,08
713331,万峦乡,08
713332,内埔乡,08
713333,竹田乡,08
713334,新埤乡,08
713335,枋寮乡,08
713336,新园乡,08
713337,崁顶乡,08
713338,林边乡,08
713339,南州乡,08
713340,佳冬乡,08
713341,琉球乡,08
713342,车城乡,08
713343,满州乡,08
713344,枋山乡,08
713345,三地门乡,08
713346,雾台乡,08
713347,玛家乡,08
713348,泰武乡,08
713349,来义乡,08
713350,春日乡,08
713351,狮子乡,08
713352,牡丹乡,08
713400,台东县,089
713401,台东市,089
713421,成功镇,089
713422,关山镇,089
713423,卑南乡,089
713424,鹿野乡,089
713425,池上乡,089
713426,东河乡,089
713427,长滨乡,089
713428,太麻里乡,089
713429,大武乡,089
713430,绿岛乡,089
713431,海端乡,089
713432,延平乡,089
713433,金峰乡,089
713434,达仁乡,089
713435,兰屿乡,089
713500,花莲县,03
713501,花莲市,03
713521,凤林镇,03
713522,玉里镇,03
713523,新城乡,03
713524,吉安乡,03
713525,寿丰乡,03
713526,光复乡,03
713527,丰滨乡,03
713528,瑞穗乡,03
713529,富里乡,03
713530,秀林乡,03
713531,万荣乡,03
713532,卓溪乡,03
713600,澎湖县,06
713601,马公市,06
713621,湖西乡,06
713622,白沙乡,06
713623,西屿乡,06
713624,望安乡,06
713625,七美乡,06
713700,金门县,082
713701,金城镇,082
713702,金湖镇,082
713703,金沙镇,082
713704,金宁乡,082
713705,烈屿乡,082
713706,乌丘乡,082
713800,连江县,0836
713801,南竿乡,0836
713802,北竿乡,0836
713803,莒光乡,0836
713804,东引乡,0836
810000,香港特别行政区,
810100,香港岛,00852
810101,中西区,00852
810102,湾仔区,00852
810103,东区,00852
810104,南区,00852
810200,九龙,00852
810201,油尖旺区,00852
810202,深水埗区,00852
810203,九龙城区,00852
810204,黄大仙区,00852
810205,观塘区,00852
810300,新界,00852
810301,荃湾区,00852
810302,屯门区,00852
810303,元朗区,00852
810304,北区,00852
810305,大埔区,00852
810306,西贡区,00852
810307,沙田区,00852
810308,葵青区,00852
810309,离岛区,00852
820000,澳门特别行政区,
820100,澳门半岛,00853
820101,花地玛堂区,00853
820102,圣安多尼堂区,00853
820103,大堂区,00853
820104,望德堂区,00853
820105,风顺堂区,00853
820200,氹仔岛,00853
820201,嘉模堂区,00853
820300,路环岛,00853
820301,圣方济各堂区,00853
900000,钓鱼岛,
